BF000002999,Amelia,Rivero,Calva,25/04/1954,Femenino,1,Mexicana,RICA2504540SQ,Licencia,RpiCnTz0mwMdQrUChFMs,BE12 7743 3050 0148 8965 5830,ameliarivero@outlook.com
BF000003000,Abril,Ocaña,Almeda,23/10/1988,Femenino,1,Mexicana,OAAA2310889RD,Licencia,eNZIQWroluPdimMBvLvR,BE73 6285 5537 7223 3693 3275,
CI000003001,Claudia Carolina,Molina,Almeda,12/07/1950,Femenino,2,Mexicana,MOAC120750TTY,INE/IFE,iXfXzA34Qyg5sw3bJokt,BE25 4000 0249 9246 6992 2997,
BF000003002,Greta,Arteaga,Guarneros,08/06/1978,Femenino,1,Mexicana,AEGG080678AML,Licencia,HnDPgVRPa5JvXEznW96w,BE80 3799 9650 0558 8489 9180,
BF000003003,Enzo,Olavarrieta,Arellanes,01/05/1968,Masculino,1,Mexicana,OAAE010568SSG,Licencia,ZUwnG4twfafZiWGQLg3X,BE54 4277 7139 9933 3620 0901,
AB000003004,Rosa Carolina,Torre,Álvarez,10/03/1984,Femenino,0,Mexicana,TOAR100384HEN,Pasaporte,bgbBm5cRJ4Ru9uznrGIc,BE57 0590 0143 3500 0430 0794,
AB000003005,Damián Alonso,Beltrán,Díaz,07/03/1977,Masculino,0,Mexicana,BEDD070377YMU,Pasaporte,9Lx7GHPrOZgpYhK31FvC,BE87 3795 5073 3337 7102 2262,
BF000003006,Fernanda Katia,Rojas,Olavarrieta,07/06/1951,Femenino,1,Mexicana,ROOF070651ROT,Licencia,uqCfmD32pIYQo2HFGim5,BE89 6974 4796 6689 9183 3785,
AB000003007,Mariana Teresa,Arias,Guerrero,15/10/1996,Femenino,0,Mexicana,AIGM151096H3S,Pasaporte,yJmfTv5vvKxWId92pw9T,BE04 5059 9819 9392 2789 9779,
AB000003008,Jazmin Leticia,Acosta,Arenas,23/03/1981,Femenino,0,Mexicana,AOAJ230381JWW,Pasaporte,fvBwP3oHb3Lu94zv3wW0,BE34 2268 8381 1786 6607 7582,
BF000003009,Estela Claudia,Guarneros,Gómez,25/02/1960,Femenino,1,Mexicana,GUGE250260WV7,Licencia,kSeFHBDbARQNMc6mawgA,BE48 6628 8701 1350 0621 1784,
BF000003010,Rocío Elena,Carnicero,Arriaga,04/05/1989,Femenino,1,Mexicana,CAAR040589RYN,Licencia,7CWFAlfVxdk0Ev5ZQZYD,BE82 7929 9570 0408 8042 2062,
CI000003011,Cristina,Villalpando,Ruiz,23/12/1993,Femenino,2,Mexicana,VIRC231293C97,INE/IFE,jOzVPaoHXiaKLrvdVZfw,BE06 6911 1842 2470 0455 5948,
CI000003012,Alejandra,Ponce de León,,05/12/1979,Femenino,2,Extranjera,,Pasaporte,a6yF5QsWuqJeiFxfrL1q,BE01 0355 5705 5864 4480 0288,alejandraponce_de_leon@hotmail.com
CI000003013,Mateo David,Flores,Perichart,02/07/1953,Masculino,2,Mexicana,FOPM020753CDB,INE/IFE,t8gVawSJdnCh6schnOmW,BE80 3661 1254 4102 2499 9346,mateo_davidflores@gmail.com
BF000003014,Javier Darío,Ponce de León,Basurto,05/09/1960,Masculino,1,Mexicana,POBJ050960VSK,Licencia,k66ZD7Rb3HahOEwMIehq,BE76 7431 1479 9750 0301 1968,
AB000003015,Igor Rafael,Ponce de León,Ramírez,11/06/1973,Masculino,0,Mexicana,PORI110673MOJ,Pasaporte,6m3IKdEQRPobbLd50LNz,BE02 3317 7410 0146 6654 4069,
BF000003016,Mateo Arturo,González,Sereno,04/05/1986,Masculino,1,Mexicana,GOSM040586XLP,Licencia,TvIhppTSdBwNkyrpffWg,BE24 7385 5436 6513 3054 4079,
CI000003017,Elia Natalia,Pérez,Díaz,09/04/1992,Femenino,2,Mexicana,PEDE090492B8F,INE/IFE,BLmKKJPo8lihAUrdiYUX,BE43 0406 6914 4589 9089 9419,
CI000003018,Mónica Greta,Said,Shor,20/12/1957,Femenino,2,Mexicana,SASM2012577SA,INE/IFE,FVt9fGL5juck9JHDAFDW,BE28 8961 1561 1035 5499 9273,monica_gretasaid@hotmail.com
AB000003019,Farid Román,Varela,Pérez,16/03/1958,Masculino,0,Mexicana,VAPF1603587SR,Pasaporte,uvQ4aUbwLxV2YSixO7ii,BE73 3289 9736 6477 7774 4915,
CI000003020,Hugo,Arrieta,Villalpando,15/02/1967,Masculino,2,Mexicana,AIVH150267YCG,INE/IFE,csjGBj7wWJbIgczl6UD2,BE31 1756 6723 3188 8132 2664,
AB000003021,Román Raymundo,Rangel,Flores,08/04/1969,Masculino,0,Mexicana,RAFR0804694JT,Pasaporte,CdjF7493k9MeJm5f4eED,BE29 7631 1995 5414 4025 5613,
BF000003022,Carlos Henry,Perichart,Montor,14/03/1953,Masculino,1,Mexicana,PEMC140353WLA,Licencia,fOU15WDl7122xNwK8KxF,BE31 9316 6678 8324 4454 4986,carlos_henryperichart@outlook.com
BF000003023,Brandon Bruno,Flores,,11/12/1974,Masculino,1,Extranjera,,Pasaporte,EOmK9UTj3RuQHa7Zi7X0,BE85 3514 4478 8043 3926 6701,
AB000003024,Marisol Karla,Terán,,14/09/1979,Femenino,0,Extranjera,,Pasaporte,1ufSITlaw1PxuNXlFjoY,BE90 1400 0018 8348 8845 5855,marisol_karlateran@hotmail.com
BF000003025,Julián Raymundo,Barriguete,Campos,27/12/1969,Masculino,1,Mexicana,BACJ271269WF2,Licencia,qCdZ7vs4FVw3uDX8tojZ,BE35 3796 6960 0588 8280 0732,
AB000003026,Mirna Carolina,Villalpando,,21/04/1976,Femenino,0,Extranjera,,Pasaporte,42KYlXb7Bgv1kLtVNLON,BE01 2412 2208 8850 0841 1866,mirna_carolinavillalpando@gmail.com
AB000003027,Santiago,Salazar,Valdés,06/07/1970,Masculino,0,Mexicana,SAVS060770O2X,Pasaporte,e7C7vtujUOCkZGOXxiAk,BE22 0113 3075 5900 0664 4288,santiagosalazar@gmail.com
AB000003028,Alexa Marisol,Sauceda,,06/05/1969,Femenino,0,Extranjera,,Pasaporte,anyuJXGItdab8IpXgwvI,BE57 9427 7018 8035 5069 9613,
CI000003029,Antonia,Villapalacio,Alvarado,26/10/1990,Femenino,2,Mexicana,VIAA261090LGE,INE/IFE,YKbEckZAXoHQVkuhScJ6,BE45 5081 1087 7404 4329 9722,antoniavillapalacio@outlook.com
BF000003030,Romeo,Celis,Vega,04/04/1966,Masculino,1,Mexicana,CEVR040466ANG,Licencia,DuAdX55Q7fsUV28FJiHJ,BE56 7864 4364 4689 9873 3492,romeocelis@outlook.com
BF000003031,Damián Luis,Gutiérrez,Curiel,17/04/1963,Masculino,1,Mexicana,GUCD170463OAN,Licencia,ennbSlyJUv4Gl67pkVnr,BE99 0942 2841 1555 5188 8408,
CI000003032,Erick,Vargas,Morales,17/05/1965,Masculino,2,Mexicana,VAME170565SL7,INE/IFE,ia97CO8qP9ZsmAYqjdLU,BE62 8631 1780 0378 8937 7364,erickvargas@hotmail.com
AB000003033,Natalia Bianca,Pizano,,13/10/1974,Femenino,0,Extranjera,,Pasaporte,xAutd9brIDyYlbSRwvCY,BE62 1326 6731 1165 5278 8834,natalia_biancapizano@outlook.com
BF000003034,Germán,Gómez,Treviño,12/10/1982,Masculino,1,Mexicana,GOTG121082JK8,Licencia,h6cjswBuYD2wT6cfOcLS,BE98 3285 5943 3914 4602 2449,
BF000003035,Rita,Uribe,Mercado,09/09/1956,Femenino,1,Mexicana,UIMR090956GNQ,Licencia,livzEqDznRRypqnj9Ke1,BE57 7299 9679 9013 3117 7257,ritauribe@hotmail.com
CI000003036,Mónica,Vega,,24/05/1986,Femenino,2,Extranjera,,Pasaporte,OHQrexORJM8HkoLBKeda,BE09 2105 5993 3101 1881 1840,
BF000003037,Alejandra,Barriguete,Reynoso,12/03/1991,Femenino,1,Mexicana,BARA120391UEF,Licencia,0h6VLRtZgbBLxRdq1KFS,BE29 6098 8795 5757 7657 7814,
AB000003038,César,Alvarado,Valenzuela,17/01/1975,Masculino,0,Mexicana,AAVC170175BXV,Pasaporte,lskARGKuMcnxdijH92rP,BE49 6815 5224 4476 6026 6277,
AB000003039,Teresa Tatiana,Arroyo,Valencia,07/01/1965,Femenino,0,Mexicana,AOVT0701653HL,Pasaporte,BE9QDMM8ygOmoBvrsvnZ,BE51 1901 1808 8004 4368 8511,teresa_tatianaarroyo@hotmail.com
BF000003040,Gustavo Mario,Cardona,Rojas,16/11/1973,Masculino,1,Mexicana,CARG161173DUE,Licencia,6b6CSgNr18cEN2WI2WDi,BE70 6669 9465 5566 6136 6048,
BF000003041,Abril Claudia,Ruiz,Rangel,03/06/1964,Femenino,1,Mexicana,RURA030664KNA,Licencia,2VzB1xOcIVk74Y1zxbdG,BE33 8074 4194 4587 7898 8895,abril_claudiaruiz@gmail.com
BF000003042,Cosme Liam,Villapalacio,Revuelta,25/12/1997,Masculino,1,Mexicana,VIRC251297DXN,Licencia,z8VlYCwrHCOfWdKfWvkA,BE83 0591 1845 5287 7772 2898,cosme_liamvillapalacio@outlook.com
CI000003043,Estela,Sifuentes,Barriguete,09/07/1998,Femenino,2,Mexicana,SIBE090798QAD,INE/IFE,jjmQqzDyTmJeMnO5wMQu,BE13 3640 0711 1163 3007 7164,estelasifuentes@gmail.com
AB000003044,Lorenzo,Rueda,Aviña,14/06/1982,Masculino,0,Mexicana,RUAL140682ALO,Pasaporte,RMdEPiKom2TIN1z4akjm,BE56 5336 6504 4321 1059 9772,
AB000003045,Teresa Guadalupe,Aguirre,Rivera,14/05/1997,Femenino,0,Mexicana,AURT140597ALY,Pasaporte,6tVH7Bwr9Rt5kcEdZ7P5,BE33 7147 7393 3594 4279 9433,teresa_guadalupeaguirre@hotmail.com
CI000003046,Otto Julio,Barrientos,,18/01/1994,Masculino,2,Extranjera,,Pasaporte,BF5ZhfcKSpLf8oOoFDkE,BE06 9393 3347 7882 2227 7921,
BF000003047,Mario,Cabrero,Álvarez,07/07/1982,Masculino,1,Mexicana,CAAM070782MTO,Licencia,TGiH1evIZ4JE9Wr6mZL7,BE05 0673 3869 9878 8728 8385,
BF000003048,Ariadna,Ruelas,Apiquian,23/07/1994,Femenino,1,Mexicana,RUAA2307948WO,Licencia,YFTNR035H9WY1R9BT8sk,BE74 7808 8439 9169 9429 9918,
BF000003049,Otto,Rangel,Barragán,13/09/1967,Masculino,1,Mexicana,RABO130967MI5,Licencia,LohIzVZGMAysSQi5h0FL,BE98 9648 8221 1468 8023 3755,ottorangel@gmail.com
AB000003050,Rubén David,Salazar,,09/07/1954,Masculino,0,Extranjera,,Pasaporte,8u0AvGiFuf6KdF7YQzwl,BE88 2720 0349 9122 2102 2663,
BF000003051,Luisa,Varela,Mohamed,12/11/1988,Femenino,1,Mexicana,VAML121188OVT,Licencia,sa5SIWb7JqgrjhvaUuFg,BE38 0925 5738 8429 9172 2246,luisavarela@outlook.com
AB000003052,Mateo Lorenzo,Basurto,Varela,01/06/1959,Masculino,0,Mexicana,BAVM0106596V2,Pasaporte,fSo67lASFxxOxOWfpUy1,BE60 2976 6582 2761 1651 1364,
AB000003053,Ariadna Sandra,Gómez,Sánchez,26/12/1971,Femenino,0,Mexicana,GOSA261271ZLW,Pasaporte,af7Jslk1azZeWMMeuGdg,BE57 4132 2898 8174 4151 1741,
AB000003054,Ramon,Arenas,Gómez,28/07/1955,Masculino,0,Mexicana,AEGR280755AEK,Pasaporte,1TiXundOJ7wz5mvgY6nv,BE11 8385 5655 5225 5591 1637,
AB000003055,Brenda,Sauceda,Alva,14/10/1997,Femenino,0,Mexicana,SAAB141097LGW,Pasaporte,Se5RNKxkESRZm6gxHUDZ,BE15 5113 3201 1208 8819 9239,brendasauceda@gmail.com
AB000003056,Alicia Rita,Salinas,Santos,28/12/1996,Femenino,0,Mexicana,SASA281296UTN,Pasaporte,zjnLINdnYc4NmCM4WPca,BE36 2455 5507 7407 7279 9345,alicia_ritasalinas@hotmail.com
CI000003057,Zaid Carlos,Guevara,Biagi,13/11/1978,Masculino,2,Mexicana,GUBZ131178NXN,INE/IFE,Kl0kxUwVRK3llcjMURcm,BE40 3672 2208 8046 6533 3726,
AB000003058,Liam,Rangel,Ariza,04/07/1952,Masculino,0,Mexicana,RAAL0407522ZB,Pasaporte,Ghe8y0oJCAJJGP1XrCkH,BE77 9985 5185 5766 6037 7090,liamrangel@gmail.com
CI000003059,Enrique,Reynoso,,27/08/1994,Masculino,2,Extranjera,,Pasaporte,j1DxToPwnjIOmizscXpc,BE27 1151 1955 5029 9399 9059,
AB000003060,Jazmin,Salas,Rueda,27/11/1956,Femenino,0,Mexicana,SARJ271156R9L,Pasaporte,5hFXO1fA9tH0TPkYvQO1,BE13 9833 3187 7300 0264 4018,jazminsalas@gmail.com
CI000003061,Elizabeth Talia,Ruiz,Montor,13/04/1956,Femenino,2,Mexicana,RUME1304562JK,INE/IFE,aNRnd5PPB4rSOjv4ocNa,BE02 1911 1806 6605 5620 0073,elizabeth_taliaruiz@outlook.com
AB000003062,Liam Bruno,Herrera,Rivera,18/03/1987,Masculino,0,Mexicana,HERL180387Q4Y,Pasaporte,lJBtBI7GonDxeBz1k9WR,BE86 7499 9800 0233 3679 9443,liam_brunoherrera@hotmail.com
AB000003063,Talia,Olavarrieta,Ivanova,10/08/1963,Femenino,0,Mexicana,OAIT100863JGB,Pasaporte,ZwAQPSZHmi573Ckf7Pn9,BE47 3204 4232 2753 3631 1007,taliaolavarrieta@gmail.com
BF000003064,Rosa Blanca,Domínguez,Morales,22/02/1995,Femenino,1,Mexicana,DOMR220295LWZ,Licencia,KPtebSsyz8uGzJyS4BwK,BE14 4776 6406 6408 8914 4714,
BF000003065,Martha,Villaseñor,Moreno,26/02/1987,Femenino,1,Mexicana,VIMM260287OFQ,Licencia,05tbBaBgpngGZZw8hRkM,BE19 7900 0774 4067 7466 6818,
CI000003066,Gerónimo León,Ocaña,Basurto,23/03/1952,Masculino,2,Mexicana,OABG23035214X,INE/IFE,vC8w1vEsIBkzN1eeM4Ko,BE72 1960 0514 4167 7186 6128,
AB000003067,Otto Álvaro,Lujano,Arcila,12/04/1970,Masculino,0,Mexicana,LUAO120470ILF,Pasaporte,ojvLaGqmKs9bN3gPgtfH,BE77 4083 3134 4298 8886 6011,
CI000003068,Laura Martha,Bautista,Arellanes,25/07/1963,Femenino,2,Mexicana,BAAL250763JM9,INE/IFE,lGUVnOl9OZAN5t67Nln5,BE19 9730 0698 8596 6881 1005,laura_marthabautista@outlook.com
CI000003069,Julieta,Sada,Salamanca,01/09/1973,Femenino,2,Mexicana,SASJ010973EG9,INE/IFE,8DcMS6oIKbb8OAYgUywh,BE39 5896 6201 1315 5707 7076,julietasada@hotmail.com
AB000003070,Arturo Romeo,Varela,Arroyo,15/06/1966,Masculino,0,Mexicana,VAAA150666WT0,Pasaporte,5SyCq6vEfRC9oB1ZN3cX,BE84 0124 4654 4126 6784 4524,
BF000003071,Alberto,Rivero,Báez,06/12/1991,Masculino,1,Mexicana,RIBA061291JNI,Licencia,zH9Lm2MkauOSXkU0FcCR,BE23 1661 1082 2756 6450 0762,
CI000003072,Emilia Yadira,Johaness,del Río,07/12/1985,Femenino,2,Mexicana,JORE0712854QB,INE/IFE,uW0XA96oc0fW8YpAXzTq,BE84 8686 6106 6363 3640 0427,
BF000003073,Katia,Martínez,García,20/09/1998,Femenino,1,Mexicana,MAGK200998KA4,Licencia,4xsR0pGAm0GnPpsPZJys,BE68 1721 1306 6019 9818 8499,katiamartinez@hotmail.com
BF000003074,Alexa,Rivero,Mondragón,27/04/1967,Femenino,1,Mexicana,RIMA270467HAY,Licencia,Vj04UYJgTfoxlyB06ovI,BE09 2869 9255 5797 7901 1420,
BF000003075,Lourdes Isabel,Almeda,Shor,11/07/1956,Femenino,1,Mexicana,AESL110756IPL,Licencia,mCmGMCabKVP9ESJuLAP9,BE91 2415 5066 6526 6064 4299,
CI000003076,Elia,Barrientos,Sosa,10/10/1951,Femenino,2,Mexicana,BASE101051DG1,INE/IFE,YEAmksZMmNTqNm2GKfDt,BE53 9875 5140 0450 0785 5559,
AB000003077,Bianca,Santos,,26/12/1974,Femenino,0,Extranjera,,Pasaporte,Uzgk0gZD9Nm7OpTnS8Pp,BE76 0921 1123 3954 4137 7403,
CI000003078,Alexa Rocío,Guevara,Uscanga,21/09/1976,Femenino,2,Mexicana,GUUA210976OSL,INE/IFE,A3moa3f2OsPqd8GnOYaG,BE39 4296 6104 4752 2572 2607,
CI000003079,Abel,Villapalacio,Martínez,02/01/1971,Masculino,2,Mexicana,VIMA020171Q2I,INE/IFE,8hWvbWyNJ7mVh9yX6zSQ,BE88 2902 2987 7903 3926 6093,
BF000003080,Eugenia Alma,Pelayo,Mondragón,20/06/1992,Femenino,1,Mexicana,PEME2006924EV,Licencia,96ki0X8VPdoXY8uFjs8U,BE80 7297 7192 2732 2187 7795,
BF000003081,Axel,Vallejo,Sereno,03/04/1977,Masculino,1,Mexicana,VASA030477GPL,Licencia,OPZOyXcA7TsoWgr0YxI8,BE83 4661 1863 3330 0687 7731,axelvallejo@gmail.com
BF000003082,Carolina,Vargas,Tusié,01/10/1992,Femenino,1,Mexicana,VATC011092LLE,Licencia,qfwj0JQ194jnSAQeUifB,BE04 6856 6557 7083 3611 1574,
BF000003083,Javier,Ruis,,17/06/1962,Masculino,1,Extranjera,,Pasaporte,ozOZOKyC90kIP15Ze3Bd,BE51 9097 7606 6476 6770 0127,javierruis@outlook.com
CI000003084,Mateo,Mercado,Salamanca,18/08/1951,Masculino,2,Mexicana,MESM180851LKP,INE/IFE,aJQQEZuUd4yXJvaItagW,BE25 2735 5034 4504 4606 6839,
AB000003085,Alejandra,Rivero,Shor,04/04/1996,Femenino,0,Mexicana,RISA040496IVS,Pasaporte,BxTFbmAfe1GPVZ3qDPVN,BE12 9400 0312 2299 9669 9319,
AB000003086,Catalina Carolina,Arroyo,,07/12/1970,Femenino,0,Extranjera,,Pasaporte,JWEM5IxpF7uNsZi5M4kv,BE06 9081 1760 0138 8722 2675,catalina_carolinaarroyo@hotmail.com
AB000003087,Pío,Campos,Pantoja,05/07/1962,Masculino,0,Mexicana,CAPP050762TDC,Pasaporte,8Io0v4Reh6dAF1Pwb1n8,BE79 2251 1414 4465 5455 5471,
CI000003088,Ariel,Baptista,Urbina,03/04/1951,Masculino,2,Mexicana,BAUA0304519LG,INE/IFE,jNoQnGadazFIO9tKu2wW,BE22 8882 2508 8837 7706 6238,
AB000003089,Rogelio Ibrahim,Sosa,Ponce de León,16/11/1967,Masculino,0,Mexicana,SOPR161167JFJ,Pasaporte,kJkgmEAsSELatsjyEyGe,BE78 7875 5819 9462 2007 7846,
AB000003090,Alma,Barriguete,,20/12/1951,Femenino,0,Extranjera,,Pasaporte,rIqJ8XjITcN3pRk1iJoj,BE22 9594 4085 5858 8458 8458,
BF000003091,Germán,Salamanca,Gutiérrez,09/09/1952,Masculino,1,Mexicana,SAGG090952XFC,Licencia,GgmUcGgCCqlocyvjza05,BE04 3978 8512 2847 7164 4858,
AB000003092,Nicolás,González,González,24/09/1988,Masculino,0,Mexicana,GOGN2409880KI,Pasaporte,2LS6hnFIWPRAa7ylXMo8,BE05 3899 9542 2650 0115 5723,
BF000003093,Elia Sandra,Calleja,Pantoja,19/05/1993,Femenino,1,Mexicana,CAPE190593YX1,Licencia,hOCVvf8X8F1pXpiZzkoP,BE06 8218 8764 4587 7465 5749,elia_sandracalleja@gmail.com
AB000003094,Valentín Ricardo,Vega,Rangel,15/11/1984,Masculino,0,Mexicana,VERV151184KNF,Pasaporte,Z0QmM1vKIuvapJ3oDlgD,BE89 2028 8612 2894 4390 0832,
CI000003095,Carla Lizbeth,del Villar,Uscanga,12/01/1958,Femenino,2,Mexicana,VIUC120158WKF,INE/IFE,0epp3zadk0zLlu7R9KSo,BE23 9237 7778 8724 4091 1583,
CI000003096,Julián,Decanini,Castillo,26/08/1995,Masculino,2,Mexicana,DECJ260895RGQ,INE/IFE,sNwP52bbiIPOJHNQNnVO,BE52 3940 0341 1338 8839 9120,juliandecanini@outlook.com
BF000003097,Andrés Lorenzo,Valdés,Pantoja,09/07/1967,Masculino,1,Mexicana,VAPA090767WNR,Licencia,vlNr7jN85PF56lvOyUoA,BE43 6567 7035 5085 5209 9407,andres_lorenzovaldes@gmail.com
BF000003098,Emilia,Pedraza,Calva,17/07/1985,Femenino,1,Mexicana,PECE170785ZJI,Licencia,DG4e1aPTrNwLVWHBcct0,BE30 0683 3532 2702 2739 9428,
CI000003099,Vanessa Corina,Guarneros,Moreno,28/07/1967,Femenino,2,Mexicana,GUMV280767K3P,INE/IFE,jNGmjAUgk9ve7JQiz37T,BE23 2028 8490 0277 7231 1976,
CI000003100,Lizbeth Patricia,Salas,Barriguete,28/05/1992,Femenino,2,Mexicana,SABL2805927M5,INE/IFE,kF6MG31K4GBA4Sf4wYON,BE33 6350 0905 5778 8063 3581,lizbeth_patriciasalas@hotmail.com
BF000003101,Mateo Isaac,Celis,Álvarez,16/11/1973,Masculino,1,Mexicana,CEAM161173W1L,Licencia,eIeKRiO87EiZiwhjhI5k,BE04 2748 8808 8197 7937 7553,mateo_isaaccelis@gmail.com
BF000003102,Teresa Marina,Barragán,Terán,07/08/1951,Femenino,1,Mexicana,BATT070851GYI,Licencia,nm80u0crSRTid7CHhO1M,BE70 3408 8570 0463 3244 4036,teresa_marinabarragan@gmail.com
BF000003103,Román Daniel,Urbina,Varela,06/12/1999,Masculino,1,Mexicana,UIVR061299TZF,Licencia,h4BLho8EjbhARtNDfMYE,BE67 6441 1726 6189 9142 2138,
AB000003104,Victoria Abril,Vega,Aviña,09/07/1958,Femenino,0,Mexicana,VEAV090758GXW,Pasaporte,2CMzXEZ3XQaaL9QoUdPG,BE43 9825 5894 4661 1554 4084,
BF000003105,Emma Paulina,Sosa,Villar,22/12/1992,Femenino,1,Mexicana,SOVE221292U9U,Licencia,P0YE1cFgyeA7ShPjuDyo,BE64 4023 3735 5964 4960 0948,emma_paulinasosa@gmail.com
BF000003106,Esaú Hernán,Ocaña,Piña,15/08/1971,Masculino,1,Mexicana,OAPE150871NI6,Licencia,DPiRkYsPXsgHWGNQsX2Q,BE13 3986 6318 8267 7572 2201,
AB000003107,Paula,Barrientos,Terán,11/07/1969,Femenino,0,Mexicana,BATP110769ZAD,Pasaporte,YBSnr3Noq08mOtBT93KB,BE45 2279 9045 5781 1411 1791,
BF000003108,Andrés Miguel,Díaz,Villalpando,04/04/1967,Masculino,1,Mexicana,DIVA040467MYE,Licencia,OLx5XYqQwRTN9MSgCx0a,BE38 8998 8875 5025 5242 2109,
AB000003109,Carmen,Ayala,Said,10/04/1981,Femenino,0,Mexicana,AASC100481TQ0,Pasaporte,qrj4glANvOm1zLTxVolC,BE79 2289 9028 8724 4311 1444,
CI000003110,Victoria,Vargas,Cruz,15/03/1990,Femenino,2,Mexicana,VACV150390XYX,INE/IFE,rTDvLLtkMhzx4lbB8qTz,BE96 1096 6668 8130 0716 6078,victoriavargas@hotmail.com
AB000003111,Julio Oliver,Rojo,Sepúlveda,18/12/1981,Masculino,0,Mexicana,ROSJ181281DSK,Pasaporte,LoM5wMa4Q4cojH3TY7gu,BE88 1666 6474 4426 6552 2305,julio_oliverrojo@hotmail.com
AB000003112,Alma Emma,Arrieta,Sierra,21/11/1957,Femenino,0,Mexicana,AISA211157QUL,Pasaporte,UX02rC5Xp0n3772ckFK7,BE21 2768 8912 2218 8489 9974,
BF000003113,Gustavo Luis,Ponce,Duarte,06/06/1969,Masculino,1,Mexicana,PODG060669EJP,Licencia,wCJsQgBdO0olroT1oaAi,BE47 2136 6349 9174 4755 5445,gustavo_luisponce@hotmail.com
AB000003114,Andrea,Carnicero,Johaness,08/11/1954,Femenino,0,Mexicana,CAJA081154VVG,Pasaporte,Iv7RwIZzbgsoFtj8eIPi,BE02 6780 0597 7685 5710 0328,andreacarnicero@gmail.com
BF000003115,Miguel Ibrahim,Ruano,Rodríguez,08/07/1979,Masculino,1,Mexicana,RURM0807796LB,Licencia,pbQqxnRr0MqyvobeqtIN,BE26 5656 6274 4088 8420 0561,miguel_ibrahimruano@outlook.com
BF000003116,Alicia Vanessa,Vallejo,Mercado,24/10/1960,Femenino,1,Mexicana,VAMA241060K4T,Licencia,Br5rGlzNeD2dpeSVTmEV,BE71 9585 5339 9410 0395 5612,
BF000003117,Ibrahim Milo,Beltrán,Alva,08/05/1991,Masculino,1,Mexicana,BEAI080591WAM,Licencia,SDS3pMcbpMk4tXuCScFo,BE29 2570 0900 0904 4976 6228,ibrahim_milobeltran@gmail.com
CI000003118,Joel Gerónimo,Villar,Villalpando,03/05/1961,Masculino,2,Mexicana,VIVJ030561CWJ,INE/IFE,Q2LPmDYajDxeBYjUnd4K,BE94 5026 6359 9331 1703 3289,joel_geronimovillar@outlook.com
BF000003119,Ariel,Herrera,Barriguete,12/02/1993,Masculino,1,Mexicana,HEBA120293ARY,Licencia,9m4G9ARAk30SGwI9X6Yy,BE72 9212 2750 0895 5545 5996,
BF000003120,Enrique,Sifuentes,Cruz,03/04/1953,Masculino,1,Mexicana,SICE030453Q8U,Licencia,pIMkHzdcRtHxwiEUBEeC,BE76 3748 8633 3061 1026 6556,
BF000003121,Esaú,Calleja,Lujano,07/05/1999,Masculino,1,Mexicana,CALE070599NAS,Licencia,mmobGKa7aTN9Yukj7sSK,BE54 1075 5908 8098 8620 0491,esaucalleja@gmail.com
BF000003122,David,del Río,Ponce de León,27/08/1976,Masculino,1,Mexicana,RIPD270876JS1,Licencia,Sides5hkDCF7aEXlbA2s,BE80 9111 1873 3401 1846 6451,
AB000003123,Leticia Paula,Ponce de León,Piña,17/01/1957,Femenino,0,Mexicana,POPL170157H4B,Pasaporte,0r5e8fl0bh4jNbqVzcSF,BE65 8152 2908 8744 4718 8406,leticia_paulaponce_de_leon@hotmail.com
AB000003124,Alicia,Torre,Barroso,07/05/1962,Femenino,0,Mexicana,TOBA070562D5J,Pasaporte,F8Mnjd3IcfUGtxcf03TP,BE21 5512 2697 7388 8623 3749,
BF000003125,Tatiana,Ortiz,Rocha,28/12/1988,Femenino,1,Mexicana,OIRT281288ESQ,Licencia,EWFOOZDPkFwzPFB7aTv0,BE86 8470 0771 1439 9395 5652,
CI000003126,Javier,Rocha,Shor,13/01/1962,Masculino,2,Mexicana,ROSJ13016275Q,INE/IFE,dcGRysFZfJ5fiJiLkZ5F,BE36 1907 7271 1771 1248 8062,
CI000003127,Benjamín,Herrera,Olavarrieta,18/03/1993,Masculino,2,Mexicana,HEOB180393X0M,INE/IFE,cHbJZD5mEHFPjHLlYRen,BE57 0114 4923 3010 0601 1664,
AB000003128,Brenda,Beltrán,Ruis,22/08/1984,Femenino,0,Mexicana,BERB2208849CK,Pasaporte,RocObytIMCX9XmIBKWqs,BE39 4918 8983 3630 0259 9443,
BF000003129,Violeta Rocío,Ponce,Rodríguez,21/11/1969,Femenino,1,Mexicana,PORV2111699PJ,Licencia,Y4r9ebDbxmAunk3IFwW4,BE25 2675 5677 7494 4016 6378,
BF000003130,Ismael,Cabrero,Gutiérrez,16/08/1983,Masculino,1,Mexicana,CAGI160883SFU,Licencia,smrcDoe2FcG8SwWsTjc1,BE17 6741 1202 2041 1014 4138,
AB000003131,Juan,Treviño,Reynoso,15/06/1970,Masculino,0,Mexicana,TERJ150670GO2,Pasaporte,9xERMGYbA7uTtzMEFhNc,BE03 5153 3160 0871 1235 5665,juantrevi&o@gmail.com
CI000003132,Rocío,Rodríguez,Campos,20/09/1999,Femenino,2,Mexicana,ROCR200999SYZ,INE/IFE,HNwAveC3IoJaRFyDpA1E,BE19 5861 1924 4890 0958 8434,rociorodriguez@hotmail.com
AB000003133,Paola Valentina,Rosado,Morales,07/03/1978,Femenino,0,Mexicana,ROMP070378YTR,Pasaporte,TBolREu66Y7KjGglMoku,BE60 0174 4329 9180 0335 5349,
CI000003134,Eugenia Leticia,Rodríguez,Varela,04/02/1986,Femenino,2,Mexicana,ROVE040286818,INE/IFE,Z5ZDEDkCdhAvTMGc6WTv,BE67 9732 2193 3732 2915 5833,
BF000003135,Blanca,Sarabia,Gómez,07/05/1958,Femenino,1,Mexicana,SAGB070558HSH,Licencia,IPlyGiFkNcw4Kw6kRczI,BE30 3333 3129 9298 8373 3622,
AB000003136,Sara Talia,Rubio,Johaness,26/04/1953,Femenino,0,Mexicana,RUJS260453YP6,Pasaporte,jrxdoGpGl2xwLR6KglAO,BE89 4054 4440 0468 8475 5873,
CI000003137,Victoria Rita,Sánchez,Báez,16/12/1952,Femenino,2,Mexicana,SABV16125220B,INE/IFE,XCpjDnLjcuVaIbv1kZk8,BE77 1954 4129 9624 4235 5943,
CI000003138,Sara,Celis,Ruiseñor,06/09/1963,Femenino,2,Mexicana,CERS060963LWC,INE/IFE,2ZppkidbMkEvpUrS3LF8,BE21 5862 2638 8280 0240 0396,
BF000003139,Carmen Emilia,Acosta,Atri,21/12/1976,Femenino,1,Mexicana,AOAC211276PNX,Licencia,u2JQQaaC4ayJxtnixbfx,BE97 0722 2087 7821 1215 5597,
AB000003140,Jacobo Carlos,Arcila,Ponce de León,22/09/1979,Masculino,0,Mexicana,AIPJ220979TCB,Pasaporte,cfap3R503U17vtVuPoHG,BE32 4529 9329 9099 9898 8458,
AB000003141,León Francisco,Rosas,Ortiz,18/10/1969,Masculino,0,Mexicana,ROOL181069Z0A,Pasaporte,kSS92pAImLlbdq5vlGmG,BE02 8121 1457 7213 3473 3939,leon_franciscorosas@gmail.com
CI000003142,Paulina,Guerrero,García,21/11/1960,Femenino,2,Mexicana,GUGP211160E0R,INE/IFE,KGO6Tvu6dIQ5ObZCfNVE,BE39 2157 7384 4399 9499 9885,paulinaguerrero@outlook.com
AB000003143,Daniel Juan,Ruano,Beltrán,21/02/1954,Masculino,0,Mexicana,RUBD210254JLF,Pasaporte,hfCUhJoZ7CbJphEcQCm1,BE85 1282 2996 6744 4234 4254,
AB000003144,Brandon Alberto,Montor,Said,23/01/1971,Masculino,0,Mexicana,MOSB2301716PD,Pasaporte,OA8XIcgalvyK01K6vhtj,BE42 7109 9163 3018 8769 9123,
CI000003145,Fernanda Victoria,Díaz,Arrieta,26/10/1971,Femenino,2,Mexicana,DIAF261071BKZ,INE/IFE,ytSCoPC5XoKQnUEzf38K,BE26 1926 6364 4917 7599 9909,
AB000003146,Victoria,Salas,Rodríguez,19/11/1970,Femenino,0,Mexicana,SARV191170CHI,Pasaporte,bd3gYQIbCjFPJixfo4cH,BE75 4808 8664 4563 3585 5199,
CI000003147,Ilse Camila,Sarabia,Alonso,24/11/1976,Femenino,2,Mexicana,SAAI241176R5G,INE/IFE,EHsoi6Y34micw5no2sPt,BE34 8412 2314 4312 2021 1189,
